filename,timestamp
../output/experiment_H5/images/frame_0000.jpg,2025-10-14 18:54:46
../output/experiment_H5/images/frame_0001.jpg,2025-10-14 18:54:48
../output/experiment_H5/images/frame_0002.jpg,2025-10-14 18:54:50
../output/experiment_H5/images/frame_0003.jpg,2025-10-14 18:54:52
../output/experiment_H5/images/frame_0004.jpg,2025-10-14 18:54:55
../output/experiment_H5/images/frame_0005.jpg,2025-10-14 18:54:57
../output/experiment_H5/images/frame_0006.jpg,2025-10-14 18:54:59
../output/experiment_H5/images/frame_0007.jpg,2025-10-14 18:55:01
../output/experiment_H5/images/frame_0008.jpg,2025-10-14 18:55:03
../output/experiment_H5/images/frame_0009.jpg,2025-10-14 18:55:06
../output/experiment_H5/images/frame_0010.jpg,2025-10-14 18:55:08
../output/experiment_H5/images/frame_0011.jpg,2025-10-14 18:55:10
../output/experiment_H5/images/frame_0012.jpg,2025-10-14 18:55:12
../output/experiment_H5/images/frame_0013.jpg,2025-10-14 18:55:14
../output/experiment_H5/images/frame_0014.jpg,2025-10-14 18:55:17
../output/experiment_H5/images/frame_0015.jpg,2025-10-14 18:55:19
../output/experiment_H5/images/frame_0016.jpg,2025-10-14 18:55:21
../output/experiment_H5/images/frame_0017.jpg,2025-10-14 18:55:23
../output/experiment_H5/images/frame_0018.jpg,2025-10-14 18:55:25
../output/experiment_H5/images/frame_0019.jpg,2025-10-14 18:55:27
../output/experiment_H5/images/frame_0020.jpg,2025-10-14 18:55:30
../output/experiment_H5/images/frame_0021.jpg,2025-10-14 18:55:32
../output/experiment_H5/images/frame_0022.jpg,2025-10-14 18:55:34
../output/experiment_H5/images/frame_0023.jpg,2025-10-14 18:55:36
../output/experiment_H5/images/frame_0024.jpg,2025-10-14 18:55:38
../output/experiment_H5/images/frame_0025.jpg,2025-10-14 18:55:41
../output/experiment_H5/images/frame_0026.jpg,2025-10-14 18:55:43
../output/experiment_H5/images/frame_0027.jpg,2025-10-14 18:55:45
../output/experiment_H5/images/frame_0028.jpg,2025-10-14 18:55:47
../output/experiment_H5/images/frame_0029.jpg,2025-10-14 18:55:49
../output/experiment_H5/images/frame_0030.jpg,2025-10-14 18:55:52
../output/experiment_H5/images/frame_0031.jpg,2025-10-14 18:55:54
../output/experiment_H5/images/frame_0032.jpg,2025-10-14 18:55:56
../output/experiment_H5/images/frame_0033.jpg,2025-10-14 18:55:58
../output/experiment_H5/images/frame_0034.jpg,2025-10-14 18:56:00
../output/experiment_H5/images/frame_0035.jpg,2025-10-14 18:56:02
../output/experiment_H5/images/frame_0036.jpg,2025-10-14 18:56:05
../output/experiment_H5/images/frame_0037.jpg,2025-10-14 18:56:07
../output/experiment_H5/images/frame_0038.jpg,2025-10-14 18:56:09
../output/experiment_H5/images/frame_0039.jpg,2025-10-14 18:56:11
../output/experiment_H5/images/frame_0040.jpg,2025-10-14 18:56:13
../output/experiment_H5/images/frame_0041.jpg,2025-10-14 18:56:16
../output/experiment_H5/images/frame_0042.jpg,2025-10-14 18:56:18
../output/experiment_H5/images/frame_0043.jpg,2025-10-14 18:56:20
../output/experiment_H5/images/frame_0044.jpg,2025-10-14 18:56:22
../output/experiment_H5/images/frame_0045.jpg,2025-10-14 18:56:24
../output/experiment_H5/images/frame_0046.jpg,2025-10-14 18:56:27
../output/experiment_H5/images/frame_0047.jpg,2025-10-14 18:56:29
../output/experiment_H5/images/frame_0048.jpg,2025-10-14 18:56:31
../output/experiment_H5/images/frame_0049.jpg,2025-10-14 18:56:33
../output/experiment_H5/images/frame_0050.jpg,2025-10-14 18:56:35
../output/experiment_H5/images/frame_0051.jpg,2025-10-14 18:56:38
../output/experiment_H5/images/frame_0052.jpg,2025-10-14 18:56:40
../output/experiment_H5/images/frame_0053.jpg,2025-10-14 18:56:42
../output/experiment_H5/images/frame_0054.jpg,2025-10-14 18:56:44
../output/experiment_H5/images/frame_0055.jpg,2025-10-14 18:56:46
../output/experiment_H5/images/frame_0056.jpg,2025-10-14 18:56:48
../output/experiment_H5/images/frame_0057.jpg,2025-10-14 18:56:51
../output/experiment_H5/images/frame_0058.jpg,2025-10-14 18:56:53
../output/experiment_H5/images/frame_0059.jpg,2025-10-14 18:56:55
../output/experiment_H5/images/frame_0060.jpg,2025-10-14 18:56:57
../output/experiment_H5/images/frame_0061.jpg,2025-10-14 18:56:59
../output/experiment_H5/images/frame_0062.jpg,2025-10-14 18:57:02
../output/experiment_H5/images/frame_0063.jpg,2025-10-14 18:57:04
../output/experiment_H5/images/frame_0064.jpg,2025-10-14 18:57:06
../output/experiment_H5/images/frame_0065.jpg,2025-10-14 18:57:08
../output/experiment_H5/images/frame_0066.jpg,2025-10-14 18:57:10
../output/experiment_H5/images/frame_0067.jpg,2025-10-14 18:57:13
../output/experiment_H5/images/frame_0068.jpg,2025-10-14 18:57:15
../output/experiment_H5/images/frame_0069.jpg,2025-10-14 18:57:17
../output/experiment_H5/images/frame_0070.jpg,2025-10-14 18:57:19
../output/experiment_H5/images/frame_0071.jpg,2025-10-14 18:57:21
../output/experiment_H5/images/frame_0072.jpg,2025-10-14 18:57:23
../output/experiment_H5/images/frame_0073.jpg,2025-10-14 18:57:26
../output/experiment_H5/images/frame_0074.jpg,2025-10-14 18:57:28
../output/experiment_H5/images/frame_0075.jpg,2025-10-14 18:57:30
../output/experiment_H5/images/frame_0076.jpg,2025-10-14 18:57:32
../output/experiment_H5/images/frame_0077.jpg,2025-10-14 18:57:34
../output/experiment_H5/images/frame_0078.jpg,2025-10-14 18:57:37
../output/experiment_H5/images/frame_0079.jpg,2025-10-14 18:57:39
../output/experiment_H5/images/frame_0080.jpg,2025-10-14 18:57:41
../output/experiment_H5/images/frame_0081.jpg,2025-10-14 18:57:43
../output/experiment_H5/images/frame_0082.jpg,2025-10-14 18:57:45
../output/experiment_H5/images/frame_0083.jpg,2025-10-14 18:57:48
../output/experiment_H5/images/frame_0084.jpg,2025-10-14 18:57:50
../output/experiment_H5/images/frame_0085.jpg,2025-10-14 18:57:52
../output/experiment_H5/images/frame_0086.jpg,2025-10-14 18:57:54
../output/experiment_H5/images/frame_0087.jpg,2025-10-14 18:57:56
../output/experiment_H5/images/frame_0088.jpg,2025-10-14 18:57:58
../output/experiment_H5/images/frame_0089.jpg,2025-10-14 18:58:01
../output/experiment_H5/images/frame_0090.jpg,2025-10-14 18:58:03
../output/experiment_H5/images/frame_0091.jpg,2025-10-14 18:58:05
../output/experiment_H5/images/frame_0092.jpg,2025-10-14 18:58:07
../output/experiment_H5/images/frame_0093.jpg,2025-10-14 18:58:09
../output/experiment_H5/images/frame_0094.jpg,2025-10-14 18:58:12
../output/experiment_H5/images/frame_0095.jpg,2025-10-14 18:58:14
../output/experiment_H5/images/frame_0096.jpg,2025-10-14 18:58:16
../output/experiment_H5/images/frame_0097.jpg,2025-10-14 18:58:18
../output/experiment_H5/images/frame_0098.jpg,2025-10-14 18:58:20
../output/experiment_H5/images/frame_0099.jpg,2025-10-14 18:58:23
../output/experiment_H5/images/frame_0100.jpg,2025-10-14 18:58:25
../output/experiment_H5/images/frame_0101.jpg,2025-10-14 18:58:27
../output/experiment_H5/images/frame_0102.jpg,2025-10-14 18:58:29
../output/experiment_H5/images/frame_0103.jpg,2025-10-14 18:58:31
../output/experiment_H5/images/frame_0104.jpg,2025-10-14 18:58:33
../output/experiment_H5/images/frame_0105.jpg,2025-10-14 18:58:36
../output/experiment_H5/images/frame_0106.jpg,2025-10-14 18:58:38
../output/experiment_H5/images/frame_0107.jpg,2025-10-14 18:58:40
../output/experiment_H5/images/frame_0108.jpg,2025-10-14 18:58:42
../output/experiment_H5/images/frame_0109.jpg,2025-10-14 18:58:44
../output/experiment_H5/images/frame_0110.jpg,2025-10-14 18:58:47
../output/experiment_H5/images/frame_0111.jpg,2025-10-14 18:58:49
../output/experiment_H5/images/frame_0112.jpg,2025-10-14 18:58:51
../output/experiment_H5/images/frame_0113.jpg,2025-10-14 18:58:53
../output/experiment_H5/images/frame_0114.jpg,2025-10-14 18:58:55
../output/experiment_H5/images/frame_0115.jpg,2025-10-14 18:58:58
../output/experiment_H5/images/frame_0116.jpg,2025-10-14 18:59:00
../output/experiment_H5/images/frame_0117.jpg,2025-10-14 18:59:02
../output/experiment_H5/images/frame_0118.jpg,2025-10-14 18:59:04
../output/experiment_H5/images/frame_0119.jpg,2025-10-14 18:59:06
../output/experiment_H5/images/frame_0120.jpg,2025-10-14 18:59:08
../output/experiment_H5/images/frame_0121.jpg,2025-10-14 18:59:11
../output/experiment_H5/images/frame_0122.jpg,2025-10-14 18:59:13
../output/experiment_H5/images/frame_0123.jpg,2025-10-14 18:59:15
../output/experiment_H5/images/frame_0124.jpg,2025-10-14 18:59:17
../output/experiment_H5/images/frame_0125.jpg,2025-10-14 18:59:19
../output/experiment_H5/images/frame_0126.jpg,2025-10-14 18:59:22
../output/experiment_H5/images/frame_0127.jpg,2025-10-14 18:59:24
../output/experiment_H5/images/frame_0128.jpg,2025-10-14 18:59:26
../output/experiment_H5/images/frame_0129.jpg,2025-10-14 18:59:28
../output/experiment_H5/images/frame_0130.jpg,2025-10-14 18:59:30
../output/experiment_H5/images/frame_0131.jpg,2025-10-14 18:59:33
../output/experiment_H5/images/frame_0132.jpg,2025-10-14 18:59:35
../output/experiment_H5/images/frame_0133.jpg,2025-10-14 18:59:37
../output/experiment_H5/images/frame_0134.jpg,2025-10-14 18:59:39
../output/experiment_H5/images/frame_0135.jpg,2025-10-14 18:59:41
../output/experiment_H5/images/frame_0136.jpg,2025-10-14 18:59:43
../output/experiment_H5/images/frame_0137.jpg,2025-10-14 18:59:46
../output/experiment_H5/images/frame_0138.jpg,2025-10-14 18:59:48
../output/experiment_H5/images/frame_0139.jpg,2025-10-14 18:59:50
../output/experiment_H5/images/frame_0140.jpg,2025-10-14 18:59:52
../output/experiment_H5/images/frame_0141.jpg,2025-10-14 18:59:54
../output/experiment_H5/images/frame_0142.jpg,2025-10-14 18:59:57
../output/experiment_H5/images/frame_0143.jpg,2025-10-14 18:59:59
../output/experiment_H5/images/frame_0144.jpg,2025-10-14 19:00:01
../output/experiment_H5/images/frame_0145.jpg,2025-10-14 19:00:03
../output/experiment_H5/images/frame_0146.jpg,2025-10-14 19:00:05
../output/experiment_H5/images/frame_0147.jpg,2025-10-14 19:00:08
../output/experiment_H5/images/frame_0148.jpg,2025-10-14 19:00:10
../output/experiment_H5/images/frame_0149.jpg,2025-10-14 19:00:12
../output/experiment_H5/images/frame_0150.jpg,2025-10-14 19:00:14
../output/experiment_H5/images/frame_0151.jpg,2025-10-14 19:00:16
../output/experiment_H5/images/frame_0152.jpg,2025-10-14 19:00:18
../output/experiment_H5/images/frame_0153.jpg,2025-10-14 19:00:21
../output/experiment_H5/images/frame_0154.jpg,2025-10-14 19:00:23
../output/experiment_H5/images/frame_0155.jpg,2025-10-14 19:00:25
../output/experiment_H5/images/frame_0156.jpg,2025-10-14 19:00:27
../output/experiment_H5/images/frame_0157.jpg,2025-10-14 19:00:29
../output/experiment_H5/images/frame_0158.jpg,2025-10-14 19:00:32
../output/experiment_H5/images/frame_0159.jpg,2025-10-14 19:00:34
../output/experiment_H5/images/frame_0160.jpg,2025-10-14 19:00:36
../output/experiment_H5/images/frame_0161.jpg,2025-10-14 19:00:38
../output/experiment_H5/images/frame_0162.jpg,2025-10-14 19:00:40
../output/experiment_H5/images/frame_0163.jpg,2025-10-14 19:00:43
../output/experiment_H5/images/frame_0164.jpg,2025-10-14 19:00:45
../output/experiment_H5/images/frame_0165.jpg,2025-10-14 19:00:47
../output/experiment_H5/images/frame_0166.jpg,2025-10-14 19:00:49
../output/experiment_H5/images/frame_0167.jpg,2025-10-14 19:00:51
../output/experiment_H5/images/frame_0168.jpg,2025-10-14 19:00:53
../output/experiment_H5/images/frame_0169.jpg,2025-10-14 19:00:56
../output/experiment_H5/images/frame_0170.jpg,2025-10-14 19:00:58
../output/experiment_H5/images/frame_0171.jpg,2025-10-14 19:01:00
../output/experiment_H5/images/frame_0172.jpg,2025-10-14 19:01:02
../output/experiment_H5/images/frame_0173.jpg,2025-10-14 19:01:04
../output/experiment_H5/images/frame_0174.jpg,2025-10-14 19:01:07
../output/experiment_H5/images/frame_0175.jpg,2025-10-14 19:01:09
../output/experiment_H5/images/frame_0176.jpg,2025-10-14 19:01:11
../output/experiment_H5/images/frame_0177.jpg,2025-10-14 19:01:13
../output/experiment_H5/images/frame_0178.jpg,2025-10-14 19:01:15
../output/experiment_H5/images/frame_0179.jpg,2025-10-14 19:01:18
../output/experiment_H5/images/frame_0180.jpg,2025-10-14 19:01:20
../output/experiment_H5/images/frame_0181.jpg,2025-10-14 19:01:22
../output/experiment_H5/images/frame_0182.jpg,2025-10-14 19:01:24
../output/experiment_H5/images/frame_0183.jpg,2025-10-14 19:01:27
../output/experiment_H5/images/frame_0184.jpg,2025-10-14 19:01:29
../output/experiment_H5/images/frame_0185.jpg,2025-10-14 19:01:31
../output/experiment_H5/images/frame_0186.jpg,2025-10-14 19:01:33
../output/experiment_H5/images/frame_0187.jpg,2025-10-14 19:01:35
../output/experiment_H5/images/frame_0188.jpg,2025-10-14 19:01:38
../output/experiment_H5/images/frame_0189.jpg,2025-10-14 19:01:40
../output/experiment_H5/images/frame_0190.jpg,2025-10-14 19:01:42
../output/experiment_H5/images/frame_0191.jpg,2025-10-14 19:01:44
../output/experiment_H5/images/frame_0192.jpg,2025-10-14 19:01:47
../output/experiment_H5/images/frame_0193.jpg,2025-10-14 19:01:49
../output/experiment_H5/images/frame_0194.jpg,2025-10-14 19:01:51
../output/experiment_H5/images/frame_0195.jpg,2025-10-14 19:01:53
../output/experiment_H5/images/frame_0196.jpg,2025-10-14 19:01:55
../output/experiment_H5/images/frame_0197.jpg,2025-10-14 19:01:58
../output/experiment_H5/images/frame_0198.jpg,2025-10-14 19:02:00
../output/experiment_H5/images/frame_0199.jpg,2025-10-14 19:02:02
../output/experiment_H5/images/frame_0200.jpg,2025-10-14 19:02:04
../output/experiment_H5/images/frame_0201.jpg,2025-10-14 19:02:06
../output/experiment_H5/images/frame_0202.jpg,2025-10-14 19:02:09
../output/experiment_H5/images/frame_0203.jpg,2025-10-14 19:02:11
../output/experiment_H5/images/frame_0204.jpg,2025-10-14 19:02:13
../output/experiment_H5/images/frame_0205.jpg,2025-10-14 19:02:15
../output/experiment_H5/images/frame_0206.jpg,2025-10-14 19:02:17
../output/experiment_H5/images/frame_0207.jpg,2025-10-14 19:02:19
../output/experiment_H5/images/frame_0208.jpg,2025-10-14 19:02:22
../output/experiment_H5/images/frame_0209.jpg,2025-10-14 19:02:24
../output/experiment_H5/images/frame_0210.jpg,2025-10-14 19:02:26
../output/experiment_H5/images/frame_0211.jpg,2025-10-14 19:02:28
../output/experiment_H5/images/frame_0212.jpg,2025-10-14 19:02:30
../output/experiment_H5/images/frame_0213.jpg,2025-10-14 19:02:33
../output/experiment_H5/images/frame_0214.jpg,2025-10-14 19:02:35
../output/experiment_H5/images/frame_0215.jpg,2025-10-14 19:02:37
../output/experiment_H5/images/frame_0216.jpg,2025-10-14 19:02:39
../output/experiment_H5/images/frame_0217.jpg,2025-10-14 19:02:41
../output/experiment_H5/images/frame_0218.jpg,2025-10-14 19:02:44
../output/experiment_H5/images/frame_0219.jpg,2025-10-14 19:02:46
../output/experiment_H5/images/frame_0220.jpg,2025-10-14 19:02:48
../output/experiment_H5/images/frame_0221.jpg,2025-10-14 19:02:50
../output/experiment_H5/images/frame_0222.jpg,2025-10-14 19:02:52
../output/experiment_H5/images/frame_0223.jpg,2025-10-14 19:02:55
../output/experiment_H5/images/frame_0224.jpg,2025-10-14 19:02:57
../output/experiment_H5/images/frame_0225.jpg,2025-10-14 19:02:59
../output/experiment_H5/images/frame_0226.jpg,2025-10-14 19:03:01
../output/experiment_H5/images/frame_0227.jpg,2025-10-14 19:03:03
../output/experiment_H5/images/frame_0228.jpg,2025-10-14 19:03:06
../output/experiment_H5/images/frame_0229.jpg,2025-10-14 19:03:08
../output/experiment_H5/images/frame_0230.jpg,2025-10-14 19:03:10
../output/experiment_H5/images/frame_0231.jpg,2025-10-14 19:03:12
../output/experiment_H5/images/frame_0232.jpg,2025-10-14 19:03:14
../output/experiment_H5/images/frame_0233.jpg,2025-10-14 19:03:16
../output/experiment_H5/images/frame_0234.jpg,2025-10-14 19:03:19
../output/experiment_H5/images/frame_0235.jpg,2025-10-14 19:03:21
../output/experiment_H5/images/frame_0236.jpg,2025-10-14 19:03:23
../output/experiment_H5/images/frame_0237.jpg,2025-10-14 19:03:25
../output/experiment_H5/images/frame_0238.jpg,2025-10-14 19:03:27
../output/experiment_H5/images/frame_0239.jpg,2025-10-14 19:03:30
../output/experiment_H5/images/frame_0240.jpg,2025-10-14 19:03:32
../output/experiment_H5/images/frame_0241.jpg,2025-10-14 19:03:34
../output/experiment_H5/images/frame_0242.jpg,2025-10-14 19:03:36
../output/experiment_H5/images/frame_0243.jpg,2025-10-14 19:03:38
../output/experiment_H5/images/frame_0244.jpg,2025-10-14 19:03:41
../output/experiment_H5/images/frame_0245.jpg,2025-10-14 19:03:43
../output/experiment_H5/images/frame_0246.jpg,2025-10-14 19:03:45
../output/experiment_H5/images/frame_0247.jpg,2025-10-14 19:03:47
../output/experiment_H5/images/frame_0248.jpg,2025-10-14 19:03:49
../output/experiment_H5/images/frame_0249.jpg,2025-10-14 19:03:52
../output/experiment_H5/images/frame_0250.jpg,2025-10-14 19:03:54
../output/experiment_H5/images/frame_0251.jpg,2025-10-14 19:03:56
../output/experiment_H5/images/frame_0252.jpg,2025-10-14 19:03:58
../output/experiment_H5/images/frame_0253.jpg,2025-10-14 19:04:00
../output/experiment_H5/images/frame_0254.jpg,2025-10-14 19:04:02
../output/experiment_H5/images/frame_0255.jpg,2025-10-14 19:04:05
../output/experiment_H5/images/frame_0256.jpg,2025-10-14 19:04:07
../output/experiment_H5/images/frame_0257.jpg,2025-10-14 19:04:09
../output/experiment_H5/images/frame_0258.jpg,2025-10-14 19:04:11
../output/experiment_H5/images/frame_0259.jpg,2025-10-14 19:04:13
../output/experiment_H5/images/frame_0260.jpg,2025-10-14 19:04:16
../output/experiment_H5/images/frame_0261.jpg,2025-10-14 19:04:18
../output/experiment_H5/images/frame_0262.jpg,2025-10-14 19:04:20
../output/experiment_H5/images/frame_0263.jpg,2025-10-14 19:04:22
../output/experiment_H5/images/frame_0264.jpg,2025-10-14 19:04:24
../output/experiment_H5/images/frame_0265.jpg,2025-10-14 19:04:27
../output/experiment_H5/images/frame_0266.jpg,2025-10-14 19:04:29
../output/experiment_H5/images/frame_0267.jpg,2025-10-14 19:04:31
../output/experiment_H5/images/frame_0268.jpg,2025-10-14 19:04:33
../output/experiment_H5/images/frame_0269.jpg,2025-10-14 19:04:35
../output/experiment_H5/images/frame_0270.jpg,2025-10-14 19:04:38
../output/experiment_H5/images/frame_0271.jpg,2025-10-14 19:04:40
../output/experiment_H5/images/frame_0272.jpg,2025-10-14 19:04:42
../output/experiment_H5/images/frame_0273.jpg,2025-10-14 19:04:44
../output/experiment_H5/images/frame_0274.jpg,2025-10-14 19:04:46
../output/experiment_H5/images/frame_0275.jpg,2025-10-14 19:04:49
../output/experiment_H5/images/frame_0276.jpg,2025-10-14 19:04:51
../output/experiment_H5/images/frame_0277.jpg,2025-10-14 19:04:53
../output/experiment_H5/images/frame_0278.jpg,2025-10-14 19:04:55
../output/experiment_H5/images/frame_0279.jpg,2025-10-14 19:04:57
../output/experiment_H5/images/frame_0280.jpg,2025-10-14 19:04:59
../output/experiment_H5/images/frame_0281.jpg,2025-10-14 19:05:02
../output/experiment_H5/images/frame_0282.jpg,2025-10-14 19:05:04
../output/experiment_H5/images/frame_0283.jpg,2025-10-14 19:05:06
../output/experiment_H5/images/frame_0284.jpg,2025-10-14 19:05:08
../output/experiment_H5/images/frame_0285.jpg,2025-10-14 19:05:10
../output/experiment_H5/images/frame_0286.jpg,2025-10-14 19:05:13
../output/experiment_H5/images/frame_0287.jpg,2025-10-14 19:05:15
../output/experiment_H5/images/frame_0288.jpg,2025-10-14 19:05:17
../output/experiment_H5/images/frame_0289.jpg,2025-10-14 19:05:19
../output/experiment_H5/images/frame_0290.jpg,2025-10-14 19:05:21
../output/experiment_H5/images/frame_0291.jpg,2025-10-14 19:05:24
../output/experiment_H5/images/frame_0292.jpg,2025-10-14 19:05:26
../output/experiment_H5/images/frame_0293.jpg,2025-10-14 19:05:28
../output/experiment_H5/images/frame_0294.jpg,2025-10-14 19:05:30
../output/experiment_H5/images/frame_0295.jpg,2025-10-14 19:05:32
../output/experiment_H5/images/frame_0296.jpg,2025-10-14 19:05:34
../output/experiment_H5/images/frame_0297.jpg,2025-10-14 19:05:37
